{
  "results": [
    {
      "command": "llm-filesystem (Go)",
      "mean": 0.04948860324,
      "stddev": 0.023825168833148003,
      "median": 0.039720436240000004,
      "user": 0.028600900000000002,
      "system": 0.0110105,
      "min": 0.03721472824,
      "max": 0.09205872824,
      "times": [
        0.039720436240000004,
        0.03833772824,
        0.09205872824,
        0.04011139524,
        0.03721472824
      ],
      "memory_usage_byte": [
        18038784,
        18219008,
        18219008,
        18219008,
        18219008
      ],
      "exit_codes": [
        0,
        0,
        0,
        0,
        0
      ]
    },
    {
      "command": "fast-filesystem-mcp (TS)",
      "mean": 0.10821675323999999,
      "stddev": 0.0014208685858065843,
      "median": 0.10799597824,
      "user": 0.1048597,
      "system": 0.022992699999999998,
      "min": 0.10623097824,
      "max": 0.11000202024,
      "times": [
        0.10779197824,
        0.10906281124,
        0.11000202024,
        0.10623097824,
        0.10799597824
      ],
      "memory_usage_byte": [
        83427328,
        83427328,
        83427328,
        83427328,
        83427328
      ],
      "exit_codes": [
        0,
        0,
        0,
        0,
        0
      ]
    }
  ]
}
