{
  "results": [
    {
      "command": "llm-filesystem (Go)",
      "mean": 0.05091836808000001,
      "stddev": 0.00038641981574279947,
      "median": 0.050816801280000004,
      "user": 0.02666608,
      "system": 0.00827646,
      "min": 0.05051767628000001,
      "max": 0.051415885280000004,
      "times": [
        0.051219801280000005,
        0.051415885280000004,
        0.050816801280000004,
        0.05051767628000001,
        0.05062167628000001
      ],
      "memory_usage_byte": [
        18563072,
        18563072,
        18563072,
        18563072,
        18563072
      ],
      "exit_codes": [
        0,
        0,
        0,
        0,
        0
      ]
    },
    {
      "command": "fast-filesystem-mcp (TS)",
      "mean": 0.11373412668,
      "stddev": 0.011643117719482045,
      "median": 0.10879755128,
      "user": 0.10522567999999999,
      "system": 0.022867659999999995,
      "min": 0.10819851028000001,
      "max": 0.13455363528,
      "times": [
        0.10891438528,
        0.10819851028000001,
        0.13455363528,
        0.10820655128000001,
        0.10879755128
      ],
      "memory_usage_byte": [
        82116608,
        82116608,
        82116608,
        82116608,
        82116608
      ],
      "exit_codes": [
        0,
        0,
        0,
        0,
        0
      ]
    }
  ]
}
