{
  "results": [
    {
      "command": "llm-filesystem (Go)",
      "mean": 0.04083039518,
      "stddev": 0.0009770363569610362,
      "median": 0.04094988638000001,
      "user": 0.028790059999999996,
      "system": 0.01082018,
      "min": 0.03932847038000001,
      "max": 0.04199280338,
      "times": [
        0.04199280338,
        0.04123447038,
        0.03932847038000001,
        0.040646345380000004,
        0.04094988638000001
      ],
      "memory_usage_byte": [
        19546112,
        19546112,
        19546112,
        19546112,
        19546112
      ],
      "exit_codes": [
        0,
        0,
        0,
        0,
        0
      ]
    },
    {
      "command": "fast-filesystem-mcp (TS)",
      "mean": 0.11038375338000002,
      "stddev": 0.0035368888272677606,
      "median": 0.10832222038000001,
      "user": 0.10599946,
      "system": 0.024629779999999997,
      "min": 0.10785526138000001,
      "max": 0.11595492838000002,
      "times": [
        0.10785526138000001,
        0.11187759538000001,
        0.10832222038000001,
        0.10790876138000001,
        0.11595492838000002
      ],
      "memory_usage_byte": [
        84541440,
        84541440,
        84541440,
        84541440,
        85164032
      ],
      "exit_codes": [
        0,
        0,
        0,
        0,
        0
      ]
    }
  ]
}
