{
  "results": [
    {
      "command": "llm-filesystem (Go)",
      "mean": 0.0051623247,
      "stddev": 0.0005069801730728724,
      "median": 0.0051021077000000005,
      "user": 0.00283992,
      "system": 0.0029140600000000004,
      "min": 0.004567441700000001,
      "max": 0.0057171077,
      "times": [
        0.0047895247000000005,
        0.0057171077,
        0.004567441700000001,
        0.0056354417,
        0.0051021077000000005
      ],
      "memory_usage_byte": [
        9961472,
        10092544,
        10092544,
        10092544,
        10092544
      ],
      "exit_codes": [
        0,
        0,
        0,
        0,
        0
      ]
    },
    {
      "command": "fast-filesystem-mcp (TS)",
      "mean": 0.08513454169999998,
      "stddev": 0.01707453746675026,
      "median": 0.07791089970000001,
      "user": 0.08068391999999999,
      "system": 0.017772859999999998,
      "min": 0.0756606497,
      "max": 0.1154336507,
      "times": [
        0.07571781670000001,
        0.1154336507,
        0.07791089970000001,
        0.0809496917,
        0.0756606497
      ],
      "memory_usage_byte": [
        84262912,
        84262912,
        84262912,
        84262912,
        84262912
      ],
      "exit_codes": [
        0,
        0,
        0,
        0,
        0
      ]
    }
  ]
}
